{
  "module_name": "case_based_reasoning",
  "module_weight": 0.2,
  "score_min": 0.9984068605078262,
  "score_max": 0.9999999929557788,
  "score_normalize": true
}